{
"lengthUnit": "mil",
"components": {
	"fields": ["COMPONENT_NO", "COMPONENT_NAME", "LAYER", "X_COORDINATE", "Y_COORDINATE", "ANGLE"],
	"rows": [
		[1, "C1", "T", -1665, 2900, 0],
		[2, "C2", "T", -1430, 2905, 0],
		[3, "C3", "T", -1190, 2905, 0],
		[4, "C4", "T", -1660, 2720, 0],
		[5, "C5", "T", -1415, 2725, 0],
		[6, "C6", "T", -1180, 2725, 0],
		[7, "C7", "T", -1650, 2535, 0],
		[8, "C8", "T", -1415, 2525, 0],
		[9, "C9", "T", -1190, 2520, 0],
		[10, "KEY1", "T", -2355, 1430, 0],
		[11, "KEY2", "T", -1395, 1425, 0],
		[12, "KEY3", "T", -465, 1425, 0],
		[13, "KEY4", "T", -2350, 430, 0],
		[14, "KEY5", "T", -1400, 430, 0],
		[15, "KEY6", "T", -470, 435, 0],
		[16, "KEY7", "T", -2330, -550, 0],
		[17, "KEY8", "T", -1400, -550, 0],
		[18, "KEY9", "T", -455, -550, 0],
		[19, "LED1", "T", -2370, 920, 0],
		[20, "LED2", "T", -1390, 920, 0],
		[21, "LED3", "T", -465, 935, 0],
		[22, "LED4", "T", -2335, -55, 0],
		[23, "LED5", "T", -1400, -60, 0],
		[24, "LED6", "T", -480, -50, 0],
		[25, "LED7", "T", -2335, -1045, 0],
		[26, "LED8", "T", -1405, -1050, 0],
		[27, "LED9", "T", -455, -1050, 0],
		[28, "SW1", "T", -480, 2610, 0],
		[29, "U1", "T", -2345, 2660, 0],
		[30, "U2", "T", -1890, 1410, 0],
		[31, "U3", "T", -1895, 435, 0],
		[32, "U4", "T", -1885, -570, 0],
		[33, "U5", "T", -920, 1420, 0],
		[34, "U6", "T", -905, 415, 0],
		[35, "U7", "T", -870, -745, 0],
		[36, "U8", "T", -2800, 1380, 0],
		[37, "U9", "T", -2795, 455, 0],
		[38, "U10", "T", -2775, -580, 0],
		[39, "U12", "T", -105, -1000, 90]
	]
},
"pins": {
	"fields": ["PIN_NO", "PIN_NAME", "PIN_X", "PIN_Y", "LAYER", "PIN_TYPE", "NET_NAME", "NET_TYPE", "PAD_SHAPE", "PAD_SIZEX", "PAD_SIZEY", "HOLE_SIZE", "PAD_ANGLE"],
	"rows": [
		[1, "C1_1", -1692.56, 2900, "T", "SMD", "GND", "GND", "R", 31.5, 35.43, 0, 0],
		[2, "C1_2", -1637.44, 2900, "T", "SMD", "+5V", "", "R", 31.5, 35.43, 0, 0],
		[3, "C2_1", -1457.56, 2905, "T", "SMD", "GND", "GND", "R", 31.5, 35.43, 0, 0],
		[4, "C2_2", -1402.44, 2905, "T", "SMD", "+5V", "", "R", 31.5, 35.43, 0, 0],
		[5, "C3_1", -1217.56, 2905, "T", "SMD", "GND", "GND", "R", 31.5, 35.43, 0, 0],
		[6, "C3_2", -1162.44, 2905, "T", "SMD", "+5V", "", "R", 31.5, 35.43, 0, 0],
		[7, "C4_1", -1687.56, 2720, "T", "SMD", "GND", "GND", "R", 31.5, 35.43, 0, 0],
		[8, "C4_2", -1632.44, 2720, "T", "SMD", "+5V", "", "R", 31.5, 35.43, 0, 0],
		[9, "C5_1", -1442.56, 2725, "T", "SMD", "GND", "GND", "R", 31.5, 35.43, 0, 0],
		[10, "C5_2", -1387.44, 2725, "T", "SMD", "+5V", "", "R", 31.5, 35.43, 0, 0],
		[11, "C6_1", -1207.56, 2725, "T", "SMD", "GND", "GND", "R", 31.5, 35.43, 0, 0],
		[12, "C6_2", -1152.44, 2725, "T", "SMD", "+5V", "", "R", 31.5, 35.43, 0, 0],
		[13, "C7_1", -1677.56, 2535, "T", "SMD", "GND", "GND", "R", 31.5, 35.43, 0, 0],
		[14, "C7_2", -1622.44, 2535, "T", "SMD", "+5V", "", "R", 31.5, 35.43, 0, 0],
		[15, "C8_1", -1442.56, 2525, "T", "SMD", "GND", "GND", "R", 31.5, 35.43, 0, 0],
		[16, "C8_2", -1387.44, 2525, "T", "SMD", "+5V", "", "R", 31.5, 35.43, 0, 0],
		[17, "C9_1", -1217.56, 2520, "T", "SMD", "GND", "GND", "R", 31.5, 35.43, 0, 0],
		[18, "C9_2", -1162.44, 2520, "T", "SMD", "+5V", "", "R", 31.5, 35.43, 0, 0],
		[19, "KEY1_1", -2255, 1630, "T", "DIP", "COL1", "", "C", 90, 90, 59, 0],
		[20, "KEY1_1", -2255, 1630, "B", "DIP", "COL1", "", "C", 90, 90, 59, 0],
		[21, "KEY1_2", -2505, 1530, "T", "DIP", "U8_2", "", "C", 90, 90, 59, 0],
		[22, "KEY1_2", -2505, 1530, "B", "DIP", "U8_2", "", "C", 90, 90, 59, 0],
		[23, "KEY2_1", -1295, 1625, "T", "DIP", "COL2", "", "C", 90, 90, 59, 0],
		[24, "KEY2_1", -1295, 1625, "B", "DIP", "COL2", "", "C", 90, 90, 59, 0],
		[25, "KEY2_2", -1545, 1525, "T", "DIP", "U2_2", "", "C", 90, 90, 59, 0],
		[26, "KEY2_2", -1545, 1525, "B", "DIP", "U2_2", "", "C", 90, 90, 59, 0],
		[27, "KEY3_1", -365, 1625, "T", "DIP", "COL3", "", "C", 90, 90, 59, 0],
		[28, "KEY3_1", -365, 1625, "B", "DIP", "COL3", "", "C", 90, 90, 59, 0],
		[29, "KEY3_2", -615, 1525, "T", "DIP", "U5_2", "", "C", 90, 90, 59, 0],
		[30, "KEY3_2", -615, 1525, "B", "DIP", "U5_2", "", "C", 90, 90, 59, 0],
		[31, "KEY4_1", -2250, 630, "T", "DIP", "COL1", "", "C", 90, 90, 59, 0],
		[32, "KEY4_1", -2250, 630, "B", "DIP", "COL1", "", "C", 90, 90, 59, 0],
		[33, "KEY4_2", -2500, 530, "T", "DIP", "KEY4_2", "", "C", 90, 90, 59, 0],
		[34, "KEY4_2", -2500, 530, "B", "DIP", "KEY4_2", "", "C", 90, 90, 59, 0],
		[35, "KEY5_1", -1300, 630, "T", "DIP", "COL2", "", "C", 90, 90, 59, 0],
		[36, "KEY5_1", -1300, 630, "B", "DIP", "COL2", "", "C", 90, 90, 59, 0],
		[37, "KEY5_2", -1550, 530, "T", "DIP", "U3_2", "", "C", 90, 90, 59, 0],
		[38, "KEY5_2", -1550, 530, "B", "DIP", "U3_2", "", "C", 90, 90, 59, 0],
		[39, "KEY6_1", -370, 635, "T", "DIP", "COL3", "", "C", 90, 90, 59, 0],
		[40, "KEY6_1", -370, 635, "B", "DIP", "COL3", "", "C", 90, 90, 59, 0],
		[41, "KEY6_2", -620, 535, "T", "DIP", "U6_2", "", "C", 90, 90, 59, 0],
		[42, "KEY6_2", -620, 535, "B", "DIP", "U6_2", "", "C", 90, 90, 59, 0],
		[43, "KEY7_1", -2230, -350, "T", "DIP", "COL1", "", "C", 90, 90, 59, 0],
		[44, "KEY7_1", -2230, -350, "B", "DIP", "COL1", "", "C", 90, 90, 59, 0],
		[45, "KEY7_2", -2480, -450, "T", "DIP", "U10_2", "", "C", 90, 90, 59, 0],
		[46, "KEY7_2", -2480, -450, "B", "DIP", "U10_2", "", "C", 90, 90, 59, 0],
		[47, "KEY8_1", -1300, -350, "T", "DIP", "COL2", "", "C", 90, 90, 59, 0],
		[48, "KEY8_1", -1300, -350, "B", "DIP", "COL2", "", "C", 90, 90, 59, 0],
		[49, "KEY8_2", -1550, -450, "T", "DIP", "U4_2", "", "C", 90, 90, 59, 0],
		[50, "KEY8_2", -1550, -450, "B", "DIP", "U4_2", "", "C", 90, 90, 59, 0],
		[51, "KEY9_1", -355, -350, "T", "DIP", "COL3", "", "C", 90, 90, 59, 0],
		[52, "KEY9_1", -355, -350, "B", "DIP", "COL3", "", "C", 90, 90, 59, 0],
		[53, "KEY9_2", -605, -450, "T", "DIP", "U7_2", "", "C", 90, 90, 59, 0],
		[54, "KEY9_2", -605, -450, "B", "DIP", "U7_2", "", "C", 90, 90, 59, 0],
		[55, "LED1_1", -2273.54, 855.04, "T", "SMD", "GND", "GND", "R", 59.05, 39.37, 0, 0],
		[56, "LED1_2", -2273.54, 984.96, "T", "SMD", "LED1_2", "", "R", 59.05, 39.37, 0, 0],
		[57, "LED1_3", -2466.45, 984.96, "T", "SMD", "+5V", "", "R", 59.05, 39.37, 0, 0],
		[58, "LED1_4", -2466.45, 855.04, "T", "SMD", "LED1_4", "", "R", 59.05, 39.37, 0, 0],
		[59, "LED2_1", -1293.54, 855.04, "T", "SMD", "GND", "GND", "R", 59.05, 39.37, 0, 0],
		[60, "LED2_2", -1293.54, 984.96, "T", "SMD", "LED1_4", "", "R", 59.05, 39.37, 0, 0],
		[61, "LED2_3", -1486.45, 984.96, "T", "SMD", "+5V", "", "R", 59.05, 39.37, 0, 0],
		[62, "LED2_4", -1486.45, 855.04, "T", "SMD", "LED2_4", "", "R", 59.05, 39.37, 0, 0],
		[63, "LED3_1", -368.54, 870.04, "T", "SMD", "GND", "GND", "R", 59.05, 39.37, 0, 0],
		[64, "LED3_2", -368.54, 999.96, "T", "SMD", "LED2_4", "", "R", 59.05, 39.37, 0, 0],
		[65, "LED3_3", -561.45, 999.96, "T", "SMD", "+5V", "", "R", 59.05, 39.37, 0, 0],
		[66, "LED3_4", -561.45, 870.04, "T", "SMD", "LED3_4", "", "R", 59.05, 39.37, 0, 0],
		[67, "LED4_1", -2238.54, -119.96, "T", "SMD", "GND", "GND", "R", 59.05, 39.37, 0, 0],
		[68, "LED4_2", -2238.54, 9.96, "T", "SMD", "LED3_4", "", "R", 59.05, 39.37, 0, 0],
		[69, "LED4_3", -2431.45, 9.96, "T", "SMD", "+5V", "", "R", 59.05, 39.37, 0, 0],
		[70, "LED4_4", -2431.45, -119.96, "T", "SMD", "LED4_4", "", "R", 59.05, 39.37, 0, 0],
		[71, "LED5_1", -1303.54, -124.96, "T", "SMD", "GND", "GND", "R", 59.05, 39.37, 0, 0],
		[72, "LED5_2", -1303.54, 4.96, "T", "SMD", "LED4_4", "", "R", 59.05, 39.37, 0, 0],
		[73, "LED5_3", -1496.45, 4.96, "T", "SMD", "+5V", "", "R", 59.05, 39.37, 0, 0],
		[74, "LED5_4", -1496.45, -124.96, "T", "SMD", "LED5_4", "", "R", 59.05, 39.37, 0, 0],
		[75, "LED6_1", -383.54, -114.96, "T", "SMD", "GND", "GND", "R", 59.05, 39.37, 0, 0],
		[76, "LED6_2", -383.54, 14.96, "T", "SMD", "LED5_4", "", "R", 59.05, 39.37, 0, 0],
		[77, "LED6_3", -576.45, 14.96, "T", "SMD", "+5V", "", "R", 59.05, 39.37, 0, 0],
		[78, "LED6_4", -576.45, -114.96, "T", "SMD", "LED6_4", "", "R", 59.05, 39.37, 0, 0],
		[79, "LED7_1", -2238.54, -1109.96, "T", "SMD", "GND", "GND", "R", 59.05, 39.37, 0, 0],
		[80, "LED7_2", -2238.54, -980.04, "T", "SMD", "LED6_4", "", "R", 59.05, 39.37, 0, 0],
		[81, "LED7_3", -2431.45, -980.04, "T", "SMD", "+5V", "", "R", 59.05, 39.37, 0, 0],
		[82, "LED7_4", -2431.45, -1109.96, "T", "SMD", "LED7_4", "", "R", 59.05, 39.37, 0, 0],
		[83, "LED8_1", -1308.54, -1114.96, "T", "SMD", "GND", "GND", "R", 59.05, 39.37, 0, 0],
		[84, "LED8_2", -1308.54, -985.04, "T", "SMD", "LED7_4", "", "R", 59.05, 39.37, 0, 0],
		[85, "LED8_3", -1501.45, -985.04, "T", "SMD", "+5V", "", "R", 59.05, 39.37, 0, 0],
		[86, "LED8_4", -1501.45, -1114.96, "T", "SMD", "LED8_4", "", "R", 59.05, 39.37, 0, 0],
		[87, "LED9_1", -358.54, -1114.96, "T", "SMD", "GND", "GND", "R", 59.05, 39.37, 0, 0],
		[88, "LED9_2", -358.54, -985.04, "T", "SMD", "LED8_4", "", "R", 59.05, 39.37, 0, 0],
		[89, "LED9_3", -551.45, -985.04, "T", "SMD", "+5V", "", "R", 59.05, 39.37, 0, 0],
		[90, "LED9_4", -551.45, -1114.96, "T", "SMD", "LED9_4", "", "R", 59.05, 39.37, 0, 0],
		[91, "SW1_A", -578, 2324.5, "T", "DIP", "GND", "GND", "C", 55.1, 55.1, 39.4, 0],
		[92, "SW1_A", -578, 2324.5, "B", "DIP", "GND", "GND", "C", 55.1, 55.1, 39.4, 0],
		[93, "SW1_B", -382, 2324.5, "T", "DIP", "GND", "GND", "C", 55.1, 55.1, 39.4, 0],
		[94, "SW1_B", -382, 2324.5, "B", "DIP", "GND", "GND", "C", 55.1, 55.1, 39.4, 0],
		[95, "SW1_C", -480, 2324.5, "T", "DIP", "ROTA", "", "C", 55.1, 55.1, 39.4, 0],
		[96, "SW1_C", -480, 2324.5, "B", "DIP", "ROTA", "", "C", 55.1, 55.1, 39.4, 0],
		[97, "SW1_GND@1", -740, 2619.5, "T", "DIP", "SW1_GND@1", "", "R", 90.6, 90.6, 74.8, 0],
		[98, "SW1_GND@1", -740, 2619.5, "B", "DIP", "SW1_GND@1", "", "R", 90.6, 90.6, 74.8, 0],
		[99, "SW1_GND@2", -220, 2619.5, "T", "DIP", "SW1_GND@2", "", "R", 90.6, 90.6, 74.8, 0],
		[100, "SW1_GND@2", -220, 2619.5, "B", "DIP", "SW1_GND@2", "", "R", 90.6, 90.6, 74.8, 0],
		[101, "SW1_P1", -578, 2895.5, "T", "DIP", "GND", "GND", "C", 55.1, 55.1, 39.4, 0],
		[102, "SW1_P1", -578, 2895.5, "B", "DIP", "GND", "GND", "C", 55.1, 55.1, 39.4, 0],
		[103, "SW1_P2", -382, 2895.5, "T", "DIP", "BTN", "", "C", 55.1, 55.1, 39.4, 0],
		[104, "SW1_P2", -382, 2895.5, "B", "DIP", "BTN", "", "C", 55.1, 55.1, 39.4, 0],
		[105, "U1_1", -2677.99, 2967.7, "T", "DIP", "BTN", "", "P", 137.77, 78.7, 47.2, 0],
		[106, "U1_1", -2677.99, 2967.7, "B", "DIP", "BTN", "", "P", 137.77, 78.7, 47.2, 0],
		[107, "U1_2", -2678, 2867.47, "T", "DIP", "ROTA", "", "P", 137.77, 78.7, 47.2, 0],
		[108, "U1_2", -2678, 2867.47, "B", "DIP", "ROTA", "", "P", 137.77, 78.7, 47.2, 0],
		[109, "U1_3", -2678, 2767.87, "T", "DIP", "ROTA", "", "P", 137.77, 78.7, 47.2, 0],
		[110, "U1_3", -2678, 2767.87, "B", "DIP", "ROTA", "", "P", 137.77, 78.7, 47.2, 0],
		[111, "U1_4", -2678, 2667.87, "T", "DIP", "ROW1", "", "P", 137.77, 78.7, 47.2, 0],
		[112, "U1_4", -2678, 2667.87, "B", "DIP", "ROW1", "", "P", 137.77, 78.7, 47.2, 0],
		[113, "U1_5", -2678, 2567.87, "T", "DIP", "ROW2", "", "P", 137.77, 78.7, 47.2, 0],
		[114, "U1_5", -2678, 2567.87, "B", "DIP", "ROW2", "", "P", 137.77, 78.7, 47.2, 0],
		[115, "U1_6", -2678, 2467.87, "T", "DIP", "ROW3", "", "P", 137.77, 78.7, 47.2, 0],
		[116, "U1_6", -2678, 2467.87, "B", "DIP", "ROW3", "", "P", 137.77, 78.7, 47.2, 0],
		[117, "U1_7", -2678, 2367.87, "T", "DIP", "U1_7", "", "P", 137.77, 78.7, 47.2, 0],
		[118, "U1_7", -2678, 2367.87, "B", "DIP", "U1_7", "", "P", 137.77, 78.7, 47.2, 0],
		[119, "U1_8", -2012.01, 2367.48, "T", "DIP", "NEOPIXEL", "", "P", 137.77, 78.7, 47.2, 0],
		[120, "U1_8", -2012.01, 2367.48, "B", "DIP", "NEOPIXEL", "", "P", 137.77, 78.7, 47.2, 0],
		[121, "U1_9", -2012.01, 2467.87, "T", "DIP", "COL3", "", "P", 137.77, 78.7, 47.2, 0],
		[122, "U1_9", -2012.01, 2467.87, "B", "DIP", "COL3", "", "P", 137.77, 78.7, 47.2, 0],
		[123, "U1_10", -2012.01, 2567.47, "T", "DIP", "COL2", "", "P", 137.76, 78.7, 47.2, 0],
		[124, "U1_10", -2012.01, 2567.47, "B", "DIP", "COL2", "", "P", 137.76, 78.7, 47.2, 0],
		[125, "U1_11", -2012.01, 2667.87, "T", "DIP", "COL1", "", "P", 137.77, 78.7, 47.2, 0],
		[126, "U1_11", -2012.01, 2667.87, "B", "DIP", "COL1", "", "P", 137.77, 78.7, 47.2, 0],
		[127, "U1_12", -2012.01, 2767.87, "T", "DIP", "+3V3", "", "P", 137.77, 78.7, 47.2, 0],
		[128, "U1_12", -2012.01, 2767.87, "B", "DIP", "+3V3", "", "P", 137.77, 78.7, 47.2, 0],
		[129, "U1_13", -2012.01, 2867.87, "T", "DIP", "GND", "GND", "P", 137.76, 78.7, 47.2, 0],
		[130, "U1_13", -2012.01, 2867.87, "B", "DIP", "GND", "GND", "P", 137.76, 78.7, 47.2, 0],
		[131, "U1_14", -2012.01, 2967.7, "T", "DIP", "+5V", "", "P", 137.77, 78.7, 47.2, 0],
		[132, "U1_14", -2012.01, 2967.7, "B", "DIP", "+5V", "", "P", 137.77, 78.7, 47.2, 0],
		[133, "U1_15", -2392.85, 2325.27, "T", "SMD", "U1_15", "", "O", 80, 40, 0, 90],
		[134, "U1_16", -2292.46, 2325.27, "T", "SMD", "U1_16", "", "O", 80, 40, 0, 90],
		[135, "U1_17", -2392.9, 2994.72, "T", "SMD", "U1_17", "", "C", 45, 45, 0, 90],
		[136, "U1_18", -2292.9, 2994.72, "T", "SMD", "GND", "GND", "C", 45, 45, 0, 90],
		[137, "U1_19", -2392.9, 2894.72, "T", "SMD", "U1_19", "", "C", 45, 45, 0, 90],
		[138, "U1_20", -2292.9, 2894.72, "T", "SMD", "GND", "GND", "C", 45, 45, 0, 90],
		[139, "U2_1", -1933.7, 1410, "T", "SMD", "ROW1", "", "R", 33.27, 16.54, 0, 0],
		[140, "U2_2", -1846.3, 1410, "T", "SMD", "U2_2", "", "R", 33.27, 16.54, 0, 0],
		[141, "U3_1", -1938.7, 435, "T", "SMD", "ROW2", "", "R", 33.27, 16.54, 0, 0],
		[142, "U3_2", -1851.3, 435, "T", "SMD", "U3_2", "", "R", 33.27, 16.54, 0, 0],
		[143, "U4_1", -1928.7, -570, "T", "SMD", "ROW3", "", "R", 33.27, 16.54, 0, 0],
		[144, "U4_2", -1841.3, -570, "T", "SMD", "U4_2", "", "R", 33.27, 16.54, 0, 0],
		[145, "U5_1", -963.7, 1420, "T", "SMD", "ROW1", "", "R", 33.27, 16.54, 0, 0],
		[146, "U5_2", -876.3, 1420, "T", "SMD", "U5_2", "", "R", 33.27, 16.54, 0, 0],
		[147, "U6_1", -948.7, 415, "T", "SMD", "ROW2", "", "R", 33.27, 16.54, 0, 0],
		[148, "U6_2", -861.3, 415, "T", "SMD", "U6_2", "", "R", 33.27, 16.54, 0, 0],
		[149, "U7_1", -913.7, -745, "T", "SMD", "ROW3", "", "R", 33.27, 16.54, 0, 0],
		[150, "U7_2", -826.3, -745, "T", "SMD", "U7_2", "", "R", 33.27, 16.54, 0, 0],
		[151, "U8_1", -2843.7, 1380, "T", "SMD", "ROW1", "", "R", 33.27, 16.54, 0, 0],
		[152, "U8_2", -2756.3, 1380, "T", "SMD", "U8_2", "", "R", 33.27, 16.54, 0, 0],
		[153, "U9_1", -2838.7, 455, "T", "SMD", "ROW2", "", "R", 33.27, 16.54, 0, 0],
		[154, "U9_2", -2751.3, 455, "T", "SMD", "U9_2", "", "R", 33.27, 16.54, 0, 0],
		[155, "U10_1", -2818.7, -580, "T", "SMD", "ROW3", "", "R", 33.27, 16.54, 0, 0],
		[156, "U10_2", -2731.3, -580, "T", "SMD", "U10_2", "", "R", 33.27, 16.54, 0, 0],
		[157, "U12_1", -54, -1037, "T", "SMD", "GND", "GND", "R", 27.2, 39, 0, 90],
		[158, "U12_2", -54, -1000, "T", "SMD", "NEOPIXEL", "", "R", 27.2, 39, 0, 90],
		[159, "U12_3", -54, -963, "T", "SMD", "GND", "GND", "R", 27.2, 39, 0, 90],
		[160, "U12_4", -156, -963, "T", "SMD", "LED1_2", "", "R", 27.2, 39, 0, 90],
		[161, "U12_5", -156, -1037, "T", "SMD", "+5V", "", "R", 27.2, 39, 0, 90]
	]
}
}